<?xml version="1.0" encoding="UTF-8" ?>
<!DOCTYPE mapper PUBLIC "-//mybatis.org//DTD Mapper 3.0//EN"
             "http://mybatis.org/dtd/mybatis-3-mapper.dtd">

<mapper namespace="net.skhu.mapper.UserMapper">

	<!-- 아이디와 비밀번호로 유저를 찾기 (session에 저장될 데이터) -->
	<select id="login" resultType="User">
		SELECT user_num, user_id FROM User
		WHERE user_id = #{userId} and user_pass = #{userPass}
	</select>

	<!-- 아이디와 비밀번호로 유저를 찾기 (session에 저장될 데이터) -->
	<select id="findByUserNum" resultType="User">
		SELECT * FROM User WHERE
		user_num = #{userNum}
	</select>

	<!-- 아이디 중복 확인 -->
	<select id="idCheck" resultType="int">
		SELECT count(*) FROM User WHERE
		user_id = #{userId}
	</select>

	<select id="findPassword" resultType="User">
		SELECT * FROM User
		WHERE
		user_id = #{userId} and pass_find_qust= #{passFindQust} and
		pass_find_ansr = #{passFindAnsr}
	</select>

	<insert id="insert" useGeneratedKeys="true"
		keyProperty="userNum">
		INSERT
		User (user_id, user_pass, pass_find_qust,
		pass_find_ansr)
		VALUES
		(#{userId}, #{userPass}, #{passFindQust},
		#{passFindAnsr})
	</insert>

	<update id="update">
		UPDATE User SET
		user_pass = #{userPass}
		WHERE
		user_num =
		${userNum}
	</update>

	<delete id="delete">
		DELETE FROM User WHERE user_num = #{UserNum}
	</delete>
</mapper>
